source_id,distance_to_subway,id
315361709,1.737286,315361709
315361941,0.956781,315361941
315364700,4.857982,315364700
315370290,1.586027,315370290
315382213,5.851074,315382213
315385973,5.405743,315385973
315396904,1.217946,315396904
315400152,2.833521,315400152
315409660,0.250852,315409660
315417723,0.711241,315417723
315418448,1.723942,315418448
315429318,3.012095,315429318
315430465,1.965075,315430465
315434209,2.825349,315434209
315435040,1.852193,315435040
315437784,2.561428,315437784
315439734,1.259534,315439734
315439759,0.785735,315439759
315446682,0.946855,315446682
315447598,1.050784,315447598
315456657,4.279149,315456657
315457364,0.92615,315457364
315478425,2.87101,315478425
315486660,1.271477,315486660
315487224,0.152735,315487224
315506004,0.342171,315506004
315529491,5.948907,315529491
315532735,1.417924,315532735
315532737,3.044372,315532737
315533875,2.714214,315533875
315538192,1.323856,315538192
315544709,8.181835,315544709
315548184,0.734882,315548184
315551598,2.4361,315551598
315551682,4.595162,315551682
315551714,1.075125,315551714
315561782,1.965075,315561782
315561790,4.397795,315561790
315571149,5.73212,315571149
315612918,1.04999,315612918
315614876,1.992752,315614876
315642495,3.015805,315642495
315649259,4.336783,315649259
315680920,0.355466,315680920
315683505,5.743949,315683505
315693047,1.190554,315693047
315694018,0.932207,315694018
315698957,1.746948,315698957
315700336,-1.0,315700336
315700805,1.7863,315700805
315702796,2.190182,315702796
315702909,1.589449,315702909
315705775,1.82175,315705775
315706207,0.966188,315706207
315709140,1.976727,315709140
315712173,4.939083,315712173
315712623,0.34082,315712623
315713081,1.406583,315713081
315713188,0.481496,315713188
315714916,1.498846,315714916
315715979,3.317144,315715979
315719581,1.35284,315719581
315728426,2.72681,315728426
315753602,4.024397,315753602
315754796,2.789411,315754796
315754859,4.532472,315754859
315796096,1.919026,315796096
315797254,3.751462,315797254
315805287,3.198161,315805287
315805691,0.732114,315805691
315808741,4.32907,315808741
315813124,4.345359,315813124
315828068,2.012468,315828068
315847773,1.579256,315847773
315848511,1.660221,315848511
315854397,2.447488,315854397
315860000,1.518303,315860000
315863852,3.318271,315863852
315863874,3.81466,315863874
315863882,4.409703,315863882
315866567,5.455606,315866567
315867500,5.683331,315867500
315871162,2.955186,315871162
315872335,0.169249,315872335
315872858,2.534863,315872858
315873384,0.619172,315873384
315874672,0.658015,315874672
315886297,5.203117,315886297
315897184,3.657868,315897184
315902686,2.371916,315902686
315903503,1.351323,315903503
315910027,1.56251,315910027
315937269,1.495632,315937269
315938388,0.195981,315938388
315939519,2.154243,315939519
315940821,4.576769,315940821
315953985,0.842525,315953985
315963260,0.97437,315963260
315970626,2.292226,315970626
315972202,4.336783,315972202
315972571,1.465855,315972571
315972831,5.780676,315972831
315976758,6.332534,315976758
315979345,4.469777,315979345
315982205,5.556597,315982205
316007373,3.840175,316007373
316011166,5.06296,316011166
316012051,3.104799,316012051
316023387,0.719284,316023387
316032432,6.250153,316032432
316037682,4.258544,316037682
316039112,3.5302,316039112
316057821,1.208677,316057821
316063263,0.645695,316063263
316065848,0.32734,316065848
316067946,3.845588,316067946
316068229,5.837615,316068229
316070718,3.509554,316070718
316072265,0.278164,316072265
316072277,0.967675,316072277
316073959,0.795513,316073959
316073971,6.80439,316073971
316079123,2.397548,316079123
316080944,2.022314,316080944
316081042,1.772453,316081042
316081045,1.772453,316081045
316082616,0.232186,316082616
316083436,0.387162,316083436
316088838,1.221294,316088838
316111197,3.499425,316111197
316115281,1.719287,316115281
316116560,3.64134,316116560
316124297,0.874965,316124297
316127021,5.24373,316127021
316130495,1.157646,316130495
316158886,2.377952,316158886
316161785,4.998597,316161785
316161827,1.582073,316161827
316162239,5.669889,316162239
316164935,3.921682,316164935
316167481,4.367784,316167481
316169475,3.924877,316169475
316179699,0.424343,316179699
316179704,0.424343,316179704
316185967,2.352474,316185967
316208724,6.921141,316208724
316209632,2.168579,316209632
316237693,2.945659,316237693
316249410,3.815898,316249410
316259681,2.461801,316259681
316266887,1.119114,316266887
316266958,1.324733,316266958
316268229,1.608172,316268229
316268877,0.890847,316268877
316269615,1.872885,316269615
316270942,3.311656,316270942
316272860,4.756739,316272860
316273020,5.849787,316273020
316273022,2.168579,316273022
316273033,1.638963,316273033
316273172,0.941112,316273172
316274992,0.88961,316274992
316275486,5.455606,316275486
316278689,4.743276,316278689
316279912,1.138818,316279912
316280183,3.79991,316280183
316281144,5.354581,316281144
316281147,4.903596,316281147
316285529,2.951568,316285529
316293914,5.754966,316293914
316296603,3.946444,316296603
316309470,6.827233,316309470
316311647,2.714214,316311647
316312409,3.723578,316312409
316314607,1.444562,316314607
316315495,7.296394,316315495
316315580,6.063312,316315580
316317576,8.814403,316317576
316317727,0.39426,316317727
314066476,-1.0,314066476
316318557,2.293318,316318557
314087254,2.546965,314087254
314106675,-1.0,314106675
316319231,3.917023,316319231
316321965,1.306386,316321965
314113539,4.758291,314113539
316322753,2.312244,316322753
314114729,3.81999,314114729
316324396,1.328114,316324396
314120213,-1.0,314120213
316324503,1.36168,316324503
314141656,2.520356,314141656
316329729,2.358423,316329729
314145663,2.699923,314145663
316329734,0.492043,316329734
314150244,4.574912,314150244
316329736,3.030261,316329736
314153707,6.968967,314153707
316329739,1.826456,316329739
314186213,0.588438,314186213
316384113,0.732703,316384113
316340837,0.387162,316340837
314186219,0.588438,314186219
314215642,6.05142,314215642
316344943,3.865976,316344943
316384122,0.732703,316384122
314221879,0.355158,314221879
316384644,0.385179,316384644
316360328,9.471953,316360328
314223009,4.089685,314223009
316360400,9.471953,316360400
314253284,0.865625,314253284
316361801,8.025716,316361801
316387024,1.386237,316387024
314255086,2.444741,314255086
316364750,0.637815,316364750
316391415,2.009318,316391415
314268418,1.251262,314268418
316367899,1.265102,316367899
316391425,1.436005,316391425
314271030,9.827415,314271030
316369859,6.252068,316369859
316410687,0.403296,316410687
314273567,2.520356,314273567
316370344,4.762612,316370344
316412201,2.327902,316412201
314285467,-1.0,314285467
316412455,2.85383,316412455
314291397,1.560803,314291397
316373834,1.687485,316373834
316413328,1.918441,316413328
314299678,2.289801,314299678
316374612,5.219444,316374612
316418402,0.948398,316418402
316381705,1.373546,316381705
314308804,1.3181,314308804
316418408,0.710361,316418408
312973877,0.558692,312973877
316381734,6.718843,316381734
314318273,2.029572,314318273
316419726,1.231464,316419726
312976228,2.1586,312976228
314324159,-1.0,314324159
316420331,4.319583,316420331
312984500,0.842525,312984500
314336440,0.722581,314336440
316392909,2.800372,316392909
316420409,1.360162,316420409
312992172,4.231741,312992172
314356101,2.806793,314356101
316425458,-1.0,316425458
316395164,1.00476,316395164
312992174,0.935045,312992174
316425629,3.633441,316425629
316413134,2.674649,316413134
312995229,0.449696,312995229
314397896,1.020275,314397896
316426143,3.037614,316426143
312995887,4.382431,312995887
316415825,4.177444,316415825
314417670,6.667364,314417670
316426147,-1.0,316426147
316418379,1.800116,316418379
312995892,2.190182,312995892
314423711,-1.0,314423711
313019157,3.509291,313019157
316431475,1.20868,316431475
316418826,5.672665,316418826
313023370,8.820519,313023370
316431916,1.268945,316431916
314436936,4.485629,314436936
316418864,1.272218,316418864
313035383,4.975555,313035383
316432108,2.674827,316432108
314436941,8.38379,314436941
316420082,0.319573,316420082
314446714,4.332688,314446714
316433145,3.131502,316433145
316422255,4.975555,316422255
316433157,0.635713,316433157
313054379,0.931615,313054379
314474983,0.524303,314474983
316422258,4.975555,316422258
316445694,8.142257,316445694
314497534,2.283004,314497534
313063991,4.156136,313063991
316446264,0.497067,316446264
314506834,2.386666,314506834
316424736,5.319079,316424736
316455386,0.776522,316455386
316425050,4.539016,316425050
314529371,-1.0,314529371
316458842,1.209867,316458842
316429616,0.919123,316429616
314530231,0.754419,314530231
316465229,1.13043,316465229
316429624,3.540263,316429624
314552822,0.344668,314552822
316432129,1.501638,316432129
316467526,3.027218,316467526
314587791,1.153755,314587791
316467875,0.506323,316467875
314587793,1.242503,314587793
316433363,1.861937,316433363
316469196,2.379993,316469196
313065506,5.518808,313065506
314587798,0.813321,314587798
316434807,7.819747,316434807
316469209,0.614267,316469209
313068294,4.975555,313068294
314587991,1.207208,314587991
316434812,5.356808,316434812
316469958,2.564688,316469958
313068297,4.975555,313068297
314589776,1.159503,314589776
316434815,0.584569,316434815
316473215,0.508202,316473215
313068299,4.975555,313068299
314591010,-1.0,314591010
316476607,3.44138,316476607
316434820,4.300877,316434820
313068300,4.975555,313068300
314599865,1.083183,314599865
316484527,0.333291,316484527
313071636,4.975555,313071636
314604094,1.951771,314604094
316484532,1.196194,316484532
316469178,3.941747,316469178
313071638,4.975555,313071638
314620690,1.178804,314620690
316486594,3.86582,316486594
313071641,4.975555,313071641
316469308,3.857138,316469308
316487445,1.94822,316487445
314621410,2.200974,314621410
313071642,4.975555,313071642
316472486,1.36168,316472486
314634391,0.902054,314634391
316491341,0.653488,316491341
316473544,4.221759,316473544
313071644,4.975555,313071644
314697501,2.456252,314697501
316482171,2.261257,316482171
316491888,0.910049,316491888
313071745,2.920549,313071745
314699786,0.570421,314699786
316484937,3.123177,316484937
316497678,5.377697,316497678
313074770,1.361811,313074770
314700286,1.115213,314700286
316511078,0.620726,316511078
313083752,2.825349,313083752
316487184,4.904992,316487184
313083755,4.382431,313083755
314716243,0.928714,314716243
316490821,2.825349,316490821
316537066,2.435009,316537066
313085862,0.491902,313085862
314716248,1.309059,314716248
316537290,0.484002,316537290
313089322,1.849545,313089322
314716525,1.621938,314716525
316564497,8.670648,316564497
313090172,1.114597,313090172
314717355,1.08594,314717355
316564511,3.831242,316564511
316491871,6.710438,316491871
313112063,0.383685,313112063
314722212,6.667364,314722212
316565543,1.605944,316565543
316492839,4.229153,316492839
313147238,1.237546,313147238
314722584,-1.0,314722584
316565754,-1.0,316565754
316495464,1.220081,316495464
313148481,4.912172,313148481
314727047,4.3043,314727047
316565971,0.8045,316565971
316495471,5.012289,316495471
313167105,0.509875,313167105
314729277,2.281115,314729277
316500449,3.33209,316500449
316567807,2.061395,316567807
314739859,-1.0,314739859
313177301,1.11226,313177301
316570589,4.208795,316570589
316515498,0.832616,316515498
314741846,5.105292,314741846
313185836,4.795824,313185836
316515501,3.691205,316515501
314763977,0.525539,314763977
313209615,1.316973,313209615
316571346,0.769062,316571346
316516466,0.393175,316516466
314793636,6.997871,314793636
313221304,4.432502,313221304
316522784,2.476115,316522784
316574361,5.339024,316574361
314810218,4.523397,314810218
317879446,8.205091,317879446
313225672,1.157646,313225672
316537098,1.115044,316537098
316582620,1.541919,316582620
314818363,1.686376,314818363
316559941,2.057336,316559941
317893823,1.455965,317893823
316582942,3.947732,316582942
313229487,0.641962,313229487
314820812,6.95691,314820812
316561040,0.840447,316561040
317894027,0.293912,317894027
313233333,2.710556,313233333
314825549,-1.0,314825549
316585261,0.410553,316585261
316563253,0.746555,316563253
313234964,2.683942,313234964
314840899,0.344668,314840899
316585262,0.367278,316585262
316563671,0.94719,316563671
317257486,0.507317,317257486
314854412,2.361167,314854412
313239953,1.351323,313239953
316585430,0.39833,316585430
317900474,1.248849,317900474
316564875,2.290164,316564875
317270309,-1.0,317270309
313246541,3.845588,313246541
314868660,0.626046,314868660
316587666,-1.0,316587666
317901460,0.76721,317901460
316565933,3.579153,316565933
317272408,3.501398,317272408
313269944,1.526074,313269944
316587764,3.633441,316587764
314868661,1.869109,314868661
317903334,5.286053,317903334
316568562,1.723942,316568562
317280717,9.466644,317280717
313270535,2.766729,313270535
317906054,0.514674,317906054
316591283,4.134171,316591283
317281834,2.374767,317281834
314870649,1.384702,314870649
313272855,1.601181,313272855
316569738,1.139692,316569738
316593675,0.595027,316593675
317281835,2.314909,317281835
316821461,6.667364,316821461
317906771,5.269454,317906771
313276304,1.660221,313276304
314877073,-1.0,314877073
316573775,0.922419,316573775
316593712,2.360067,316593712
316826106,2.536919,316826106
317908854,4.695571,317908854
317282251,0.556146,317282251
316573831,1.297956,316573831
313284888,8.191655,313284888
314883729,4.344148,314883729
316594638,-1.0,316594638
316832466,2.346782,316832466
314894612,7.787964,314894612
317908872,2.213165,317908872
317285247,0.803779,317285247
316574189,2.315497,316574189
313293520,2.855675,313293520
316837835,0.525871,316837835
317291366,0.734689,317291366
314900780,2.596612,314900780
317908908,0.270182,317908908
316579377,3.199595,316579377
316862373,1.042863,316862373
313296609,3.455022,313296609
316615291,2.559571,316615291
316593154,6.519868,316593154
314903837,0.780134,314903837
316617685,2.559571,316617685
313299699,0.561065,313299699
317908939,2.412653,317908939
317292985,3.214937,317292985
314926356,6.526568,314926356
316624415,1.833029,316624415
316594052,2.178003,316594052
317910929,3.181415,317910929
313299704,1.200339,313299704
316870709,7.914884,316870709
317293179,3.661125,317293179
314929450,-1.0,314929450
316625561,2.744819,316625561
313330981,4.288897,313330981
317912169,1.157694,317912169
317294592,0.300506,317294592
316870717,3.868234,316870717
316619820,2.146179,316619820
313344004,2.825349,313344004
316629159,2.495351,316629159
317912511,0.703577,317912511
316871752,1.934908,316871752
314940447,1.292892,314940447
316619885,3.557611,316619885
316629164,0.358349,316629164
313344739,4.391717,313344739
317912531,2.717139,317912531
317311805,8.615033,317311805
316873391,2.816033,316873391
316624676,0.594064,316624676
314959426,0.373762,314959426
316635380,0.480634,316635380
316878193,1.65977,316878193
317912546,4.04814,317912546
317318719,0.333438,317318719
316624680,2.362748,316624680
316637143,3.189585,316637143
316878195,-1.0,316878195
314972971,2.459193,314972971
317915650,0.732703,317915650
317321040,4.04814,317321040
313355439,2.329747,313355439
316624681,0.531118,316624681
316878751,-1.0,316878751
317917622,2.214379,317917622
316637426,5.473616,316637426
314972972,1.014683,314972972
317323011,8.08876,317323011
313374653,0.919741,313374653
316624684,1.157646,316624684
316880086,0.061732,316880086
316645309,1.436005,316645309
313379846,2.705561,313379846
314975835,1.252611,314975835
317917640,0.72484,317917640
317333436,5.716985,317333436
316626484,2.254545,316626484
316880091,0.535564,316880091
317333944,3.633426,317333944
313384946,1.392545,313384946
316647277,0.619259,316647277
317917642,1.588366,317917642
314977688,1.207911,314977688
317334455,1.959757,317334455
316626507,2.000157,316626507
316656865,1.810143,316656865
313386939,0.677778,313386939
317710546,-1.0,317710546
316882105,2.172545,316882105
314979073,0.651992,314979073
317340765,0.266788,317340765
316626520,5.021437,316626520
313389082,4.153879,313389082
317920507,1.00094,317920507
314986288,1.59297,314986288
317710560,4.825736,317710560
316882121,0.147812,316882121
317359170,0.840281,317359170
316626532,4.672566,316626532
317922002,4.585874,317922002
317710570,9.879538,317710570
314995076,8.219511,314995076
316888475,0.551505,316888475
317366252,-1.0,317366252
316627582,3.528896,316627582
316656872,5.163966,316656872
313464586,0.939441,313464586
317710575,-1.0,317710575
317922443,9.193338,317922443
314999991,-1.0,314999991
317367663,0.870746,317367663
316890983,3.863512,316890983
316662826,1.122633,316662826
316628722,0.934114,316628722
313468657,1.549583,313468657
317711801,1.41615,317711801
317382705,2.559571,317382705
317925795,4.507648,317925795
316890985,0.534099,316890985
315030227,0.601323,315030227
316629371,0.147739,316629371
316666205,1.366798,316666205
313469021,6.478915,313469021
316895897,0.719294,316895897
315031610,2.942037,315031610
317713205,2.853811,317713205
317387641,7.591233,317387641
316632333,5.537117,316632333
316672052,1.925701,316672052
313472643,0.232186,313472643
317928834,0.934604,317928834
315037834,5.208239,315037834
316896656,1.554243,316896656
317716667,2.796697,317716667
317387827,5.470759,317387827
316632533,0.571699,316632533
316674577,-1.0,316674577
313475805,2.146578,313475805
315041093,0.456698,315041093
317717756,5.462551,317717756
316896731,-1.0,316896731
316634218,1.932255,316634218
313485203,0.611353,313485203
316674582,0.903955,316674582
317389421,0.612819,317389421
317719080,7.186592,317719080
313505992,7.822417,313505992
316896972,-1.0,316896972
316634337,1.023504,316634337
315051345,0.814425,315051345
316675112,3.718289,316675112
317389490,4.549382,317389490
317748043,4.31732,317748043
313514130,2.593432,313514130
316919326,2.6641,316919326
315061293,1.4047,315061293
316636763,7.988755,316636763
317755024,1.032421,317755024
317389495,1.122633,317389495
316675163,0.333653,316675163
313514131,2.000823,313514131
315061955,2.884566,315061955
316921582,3.495215,316921582
316638604,8.748453,316638604
317755989,0.777704,317755989
316675197,4.695571,316675197
317389654,0.367278,317389654
317908986,4.721199,317908986
315074846,-1.0,315074846
316927299,4.866379,316927299
313518020,2.17737,313518020
317756425,1.416774,317756425
316638611,1.417113,316638611
317939287,2.300861,317939287
317390959,4.695571,317390959
316675624,0.575996,316675624
317908988,0.70404,317908988
317758146,8.48544,317758146
316927510,1.251262,316927510
315076942,5.061174,315076942
317395139,0.499501,317395139
317941349,-1.0,317941349
316678649,3.719178,316678649
317909872,4.325556,317909872
313521722,2.344694,313521722
317766729,4.162308,317766729
317395665,0.886042,317395665
315085181,0.652921,315085181
316660342,2.73247,316660342
317941351,5.116105,317941351
313524704,1.639597,313524704
316932655,4.226339,316932655
316679071,4.117112,316679071
317766737,8.705978,317766737
317396812,3.048271,317396812
315085457,0.369835,315085457
317912164,4.022954,317912164
317943534,1.934179,317943534
316660343,3.411929,316660343
313527173,3.770525,313527173
316937096,2.798911,316937096
316679198,1.250924,316679198
317766742,1.264703,317766742
317397301,5.336982,317397301
315094962,5.618213,315094962
316660414,3.78061,316660414
317912487,0.383685,317912487
313529308,7.028963,313529308
316938494,0.227708,316938494
317945714,1.476962,317945714
316682324,0.945387,316682324
317770100,7.393073,317770100
316660567,5.314137,316660567
317913251,5.885748,317913251
313529707,0.72063,313529707
316938497,0.852317,316938497
315096875,4.035742,315096875
316682334,1.004454,316682334
317945764,1.364241,317945764
317771364,1.300116,317771364
316661854,4.118796,316661854
313529708,1.600189,313529708
317401437,-1.0,317401437
317913257,5.295545,317913257
316947524,4.3043,316947524
317946434,3.100995,317946434
315096878,-1.0,315096878
316682702,2.582935,316682702
317771371,2.922542,317771371
316971652,2.942037,316971652
317913262,4.084312,317913262
313530954,0.4607,313530954
317401527,1.821667,317401527
317949159,3.947732,317949159
315097055,2.942037,315097055
316661856,5.182015,316661856
317771742,0.58045,317771742
317969969,0.886314,317969969
315117993,7.384041,315117993
317404345,0.696539,317404345
313531471,1.089529,313531471
317913267,1.490963,317913267
316661860,1.735589,316661860
317771893,1.337776,317771893
316972186,0.718401,316972186
317969970,2.682461,317969970
317913271,9.533529,317913271
313533959,0.9616,313533959
315127548,0.289573,315127548
316661865,4.548547,316661865
317405146,3.148266,317405146
317775987,2.374429,317775987
316683333,0.796088,316683333
317977445,2.349081,317977445
316974019,2.993449,316974019
316661871,2.465819,316661871
317913275,0.651825,317913275
313535515,3.295637,313535515
315139859,3.321656,315139859
316683487,3.891742,316683487
317775996,2.423253,317775996
317981800,0.770106,317981800
316979653,6.056962,316979653
313542174,5.747712,313542174
317405154,3.066212,317405154
316663271,5.82209,316663271
315145655,3.270681,315145655
316694548,2.777815,316694548
317913290,4.401473,317913290
317779942,2.935732,317779942
316982939,3.06186,316982939
317405158,1.608357,317405158
316696533,0.705759,316696533
313549734,2.037091,313549734
317782088,-1.0,317782088
316663275,5.885748,316663275
317913299,0.433319,317913299
315152582,0.814425,315152582
316991257,4.055524,316991257
316697431,3.684577,316697431
317406599,7.251734,317406599
316664245,1.335961,316664245
313577487,5.518808,313577487
317783007,0.681585,317783007
315154970,3.079721,315154970
317914370,0.302001,317914370
317995045,0.667762,317995045
316994198,1.92838,316994198
317408290,5.143605,317408290
317785130,7.322806,317785130
315158221,4.929126,315158221
313577842,4.403923,313577842
316665298,2.515588,316665298
317004591,3.85465,317004591
316715136,2.312296,316715136
317412266,3.835548,317412266
317914419,1.045125,317914419
313578577,5.296493,313578577
317997287,1.34314,317997287
315162319,-1.0,315162319
317014330,6.667364,317014330
316666776,3.634232,316666776
316719128,1.304959,316719128
317414159,1.821667,317414159
317914422,1.975832,317914422
317997295,2.045125,317997295
313578583,5.879221,313578583
317786707,1.077607,317786707
316669298,0.188345,316669298
315162322,9.976579,315162322
316719130,0.660963,316719130
318000737,1.183245,318000737
317014768,1.133843,317014768
317914430,0.79493,317914430
317414187,1.360162,317414187
313581941,-1.0,313581941
316721470,0.844349,316721470
317796313,4.220601,317796313
317014771,1.228927,317014771
316669341,3.295637,316669341
315189375,3.800551,315189375
317914440,4.382431,317914440
317414197,-1.0,317414197
318004930,4.420426,318004930
316669357,4.904992,316669357
316723902,0.942823,316723902
317914936,2.910224,317914936
317797173,-1.0,317797173
315192358,0.841785,315192358
317015334,1.032421,317015334
313600085,0.059144,313600085
317414225,2.080912,317414225
316673548,6.266363,316673548
317915153,2.825349,317915153
318004950,1.184741,318004950
316729454,1.214572,316729454
313624944,2.825349,313624944
315194547,-1.0,315194547
317798452,1.591048,317798452
317414240,1.318046,317414240
317015335,1.159503,317015335
316673706,1.586027,316673706
317915900,2.705009,317915900
313625684,1.240309,313625684
317414273,0.838413,317414273
316729470,2.559571,316729470
318004956,2.653139,318004956
317800914,0.778187,317800914
317015336,1.521304,317015336
316673801,7.904274,316673801
317414265,1.475942,317414265
313628135,1.297956,313628135
317915903,5.341422,317915903
316729941,1.143313,316729941
315201086,5.305723,315201086
317803325,6.056962,317803325
318004968,2.777815,318004968
317015338,-1.0,317015338
313633204,1.295961,313633204
316673803,0.850926,316673803
317917748,0.657917,317917748
317415720,1.74406,317415720
317809318,1.470829,317809318
316731408,1.227966,316731408
318006574,1.360248,318006574
316673836,0.861528,316673836
317015339,1.343954,317015339
313640294,2.804129,313640294
317812736,2.918806,317812736
317917928,4.975555,317917928
317417410,0.95738,317417410
318007448,2.605572,318007448
316731409,1.721553,316731409
317015346,0.549532,317015346
313641604,1.177442,313641604
317812738,2.538514,317812738
316678851,0.784662,316678851
317917929,4.975555,317917929
315203806,0.535564,315203806
317417934,3.475178,317417934
313653902,0.24683,313653902
318007453,2.758575,318007453
317015347,0.186239,317015347
316679133,1.519134,316679133
317812835,1.634279,317812835
317917932,5.569532,317917932
317417941,-1.0,317417941
315207037,5.033109,315207037
313654024,1.246098,313654024
318014797,1.964164,318014797
316733738,0.762365,316733738
317814199,5.215946,317814199
317015352,2.271907,317015352
316681812,2.154243,316681812
315207228,1.396647,315207228
313658164,2.339666,313658164
317417942,0.391563,317417942
318016837,0.892195,318016837
316734491,0.697324,316734491
317814995,3.926373,317814995
317917935,5.569532,317917935
317015356,2.9875,317015356
316688798,0.106633,316688798
315210314,3.602544,315210314
316734493,1.088875,316734493
313686233,3.158921,313686233
317417952,-1.0,317417952
316688801,0.784662,316688801
315215836,1.602915,315215836
317940543,3.843962,317940543
317816044,1.412921,317816044
317015358,1.491758,317015358
316737766,0.711601,316737766
317420408,0.955151,317420408
313696560,0.118619,313696560
315254544,0.88301,315254544
317015362,0.780134,317015362
316688804,2.020149,316688804
317942928,3.949116,317942928
317817467,0.718401,317817467
316751814,2.670077,316751814
313696759,2.048793,313696759
315284588,6.95691,315284588
316688806,0.784662,316688806
317420415,1.551854,317420415
317817470,0.581553,317817470
317945720,9.002881,317945720
316688807,1.382045,316688807
313698853,2.859037,313698853
318021219,1.013801,318021219
317026042,3.295429,317026042
315313757,-1.0,315313757
317420427,0.592301,317420427
316764951,3.226584,316764951
317966096,5.833172,317966096
317420981,4.064047,317420981
317031417,4.4845,317031417
316692919,8.063742,316692919
313708474,0.093278,313708474
315326903,-1.0,315326903
316765911,2.370806,316765911
317967774,5.525086,317967774
316707123,1.804704,316707123
317032770,1.318546,317032770
317422063,4.102694,317422063
318021543,1.688786,318021543
313708477,1.490475,313708477
315328323,0.942674,315328323
316711154,1.01649,316711154
317036588,-1.0,317036588
316772121,0.892195,316772121
313708483,0.797896,313708483
317423200,1.489686,317423200
317981117,1.0091,317981117
317821396,0.974758,317821396
318022333,1.154628,318022333
315333891,7.263135,315333891
317036615,9.36741,317036615
316773887,4.172835,316773887
313710005,1.64391,313710005
315339058,0.606069,315339058
317439692,4.777902,317439692
317821724,2.806793,317821724
317052304,4.591846,317052304
318022461,1.728317,318022461
316711492,4.240506,316711492
316774472,2.822458,316774472
318025432,1.31754,318025432
313714891,4.823018,313714891
317054316,9.396149,317054316
317822537,1.4047,317822537
316721370,5.029073,316721370
316781674,3.874385,316781674
313736950,4.361977,313736950
317055109,6.574882,317055109
317829561,4.089685,317829561
318025993,4.457097,318025993
317440009,3.318933,317440009
316722227,1.985347,316722227
316781708,1.30461,316781708
315362031,0.464982,315362031
313748379,0.135859,313748379
317055110,1.743929,317055110
317836023,1.197097,317836023
318028839,-1.0,318028839
316726983,6.162306,316726983
317440072,1.236332,317440072
316781713,1.505636,316781713
313752279,1.812098,313752279
316733999,2.764677,316733999
317055114,2.386359,317055114
317853852,1.645111,317853852
313752314,1.212679,313752314
317442385,1.300891,317442385
318046163,2.080912,318046163
316781718,2.85383,316781718
316734331,1.246098,316734331
317055744,0.610642,317055744
315385872,0.653575,315385872
313757273,0.192447,313757273
317860288,2.560843,317860288
318048076,3.617629,318048076
317446193,1.122633,317446193
316737410,4.336783,316737410
317055747,4.292676,317055747
317860291,1.2986,317860291
317446213,0.972992,317446213
315396767,3.446441,315396767
313784075,4.141839,313784075
316738879,4.681671,316738879
318048559,0.423825,318048559
317860301,0.488588,317860301
317056167,0.41215,317056167
315401060,9.294907,315401060
317446319,4.353673,317446319
313785770,1.666708,313785770
316740324,0.626233,316740324
318050758,0.791555,318050758
318002849,2.609496,318002849
317864302,3.323976,317864302
317056240,0.687207,317056240
317448549,0.945329,317448549
315416619,1.722877,315416619
316740325,-1.0,316740325
318004601,3.213257,318004601
313793654,0.716686,313793654
318051781,2.86103,318051781
317058681,4.579331,317058681
316740504,3.441308,316740504
318006016,2.325751,318006016
317450122,2.542071,317450122
313806623,4.460235,313806623
315428708,3.79865,315428708
318052721,3.998679,318052721
317059656,0.501343,317059656
317450132,1.358121,317450132
318006489,5.546735,318006489
317865378,3.042821,317865378
315440076,-1.0,315440076
318054320,1.104895,318054320
316743821,8.221201,316743821
313847450,1.789805,313847450
317061206,0.558003,317061206
315441365,9.513434,315441365
318007642,3.711209,318007642
318055133,1.088197,318055133
317865386,0.888919,317865386
316751750,0.690011,316751750
313858069,0.685756,313858069
317070054,0.838011,317070054
318055812,4.646756,318055812
317455194,0.647412,317455194
318008478,1.272349,318008478
315444367,-1.0,315444367
317865388,4.547131,317865388
316763502,1.332912,316763502
317078945,3.490289,317078945
313858148,0.446128,313858148
318013733,1.998877,318013733
318056323,8.524688,318056323
315455656,-1.0,315455656
317458718,2.391226,317458718
317867227,0.927574,317867227
317078954,2.459193,317078954
316765837,1.735589,316765837
313869895,2.186592,313869895
315458315,3.621515,315458315
318058036,1.261324,318058036
318013953,0.947132,318013953
317461983,-1.0,317461983
317868825,8.446293,317868825
317079100,1.509475,317079100
313871109,4.874885,313871109
315466031,3.566702,315466031
316770524,2.132172,316770524
318014538,0.49012,318014538
317868826,2.626565,317868826
317462614,0.825683,317462614
313871926,5.944016,313871926
316771185,5.396682,316771185
315486042,3.74719,315486042
318058041,0.412604,318058041
317462832,0.58175,317462832
317081927,2.806793,317081927
318014650,5.455606,318014650
317871748,1.164092,317871748
313872753,0.563145,313872753
316773691,1.089529,316773691
318014665,1.653569,318014665
317083975,3.885966,317083975
315489312,6.667364,315489312
318058047,4.591855,318058047
317873264,2.55228,317873264
313902904,5.909606,313902904
316776793,6.61498,316776793
315490134,-1.0,315490134
318058438,-1.0,318058438
317085350,1.124579,317085350
317873609,0.967819,317873609
316776796,5.479833,316776796
313911270,0.30723,313911270
315490142,7.762191,315490142
318061316,0.367278,318061316
317093770,4.574912,317093770
317463042,2.64042,317463042
317878843,6.146112,317878843
316778361,1.693965,316778361
316786740,4.464898,316786740
318064149,0.859056,318064149
315508617,9.344321,315508617
317463076,0.682604,317463076
317897305,2.918806,317897305
317115899,1.478285,317115899
316779510,1.735589,316779510
313921408,0.699005,313921408
317897311,3.344606,317897311
317463779,2.536622,317463779
318064333,1.459638,318064333
316788054,5.139335,316788054
317127991,7.814602,317127991
316779517,0.402955,316779517
318015419,2.850605,318015419
317897539,0.524851,317897539
313948380,1.035271,313948380
318065802,4.508029,318065802
317464131,0.764941,317464131
317130019,4.704562,317130019
316788061,1.81267,316788061
315519248,1.056464,315519248
316781747,0.870741,316781747
318015851,2.311266,318015851
317900842,-1.0,317900842
313949347,1.735589,313949347
317464625,2.743187,317464625
318065810,2.81892,318065810
315529304,1.284717,315529304
317903751,1.587822,317903751
316795425,5.783547,316795425
318016833,6.73254,318016833
316781853,2.827584,316781853
313949350,5.275303,313949350
316797304,2.315891,316797304
316781857,1.872543,316781857
317464826,3.749709,317464826
318065813,2.697085,318065813
317904855,4.288894,317904855
315534406,0.711605,315534406
318017246,5.743949,318017246
317139876,3.92179,317139876
313958345,0.434599,313958345
317464848,3.818217,317464848
316786388,0.87526,316786388
316798995,0.669342,316798995
317143757,3.973554,317143757
317907476,-1.0,317907476
318067727,0.191851,318067727
313958504,1.472472,313958504
317465832,0.601493,317465832
316800480,0.73931,316800480
317146171,0.273652,317146171
315537097,2.166814,315537097
317908806,5.633364,317908806
316790400,8.139606,316790400
313958936,2.515913,313958936
317466653,1.035152,317466653
317148410,9.224117,317148410
316801182,1.403688,316801182
317908819,1.452818,317908819
315537303,-1.0,315537303
318071156,1.72332,318071156
313963557,5.559966,313963557
316793220,5.471123,316793220
317467553,2.019216,317467553
316803349,0.625518,316803349
317909399,0.865625,317909399
317148413,-1.0,317148413
315545542,1.390092,315545542
318072029,1.630134,318072029
316794604,2.310488,316794604
313996857,2.409296,313996857
317473455,1.719764,317473455
316804225,1.540283,316804225
317148422,1.162906,317148422
317909404,3.495215,317909404
318072923,1.532792,318072923
314002213,0.295887,314002213
315547006,0.671435,315547006
316795348,1.39359,316795348
316814309,-1.0,316814309
317148429,3.912694,317148429
318020122,2.98891,318020122
317477347,1.006146,317477347
317909942,7.700077,317909942
315552591,1.12925,315552591
318073443,2.150219,318073443
314006859,0.980874,314006859
316796327,1.254791,316796327
318022034,3.317134,318022034
317912225,-1.0,317912225
316822276,2.272309,316822276
317148442,6.422527,317148442
318073582,5.632506,318073582
315562700,-1.0,315562700
314008521,4.607178,314008521
316825945,4.072556,316825945
317149782,9.304378,317149782
317913018,2.132039,317913018
318028303,0.862807,318028303
318073584,5.278702,318073584
316826072,0.473798,316826072
316796964,1.011876,316796964
317913221,3.028762,317913221
314008525,1.094371,314008525
317149904,1.279205,317149904
315591852,1.431773,315591852
318028424,9.471953,318028424
317488835,2.545188,317488835
318073586,5.836473,318073586
316828270,3.40718,316828270
314008829,4.572318,314008829
316796966,1.61476,316796966
317913224,3.871797,317913224
315591942,0.718401,315591942
318029573,6.73254,318029573
317149957,2.846683,317149957
318073593,5.269454,318073593
314011410,0.561275,314011410
317488838,0.9234,317488838
316828388,4.053499,316828388
317914353,0.244564,317914353
317152743,1.079527,317152743
318073599,4.04814,318073599
315593202,0.713672,315593202
318032268,2.512578,318032268
317491325,1.353048,317491325
316845681,4.777902,316845681
314015928,5.240249,314015928
316816520,1.119114,316816520
314015933,1.16872,314015933
317152750,3.151717,317152750
318033860,2.397548,318033860
316873263,1.905806,316873263
317917553,1.92838,317917553
314032593,5.621383,314032593
317152752,1.289336,317152752
318077267,1.158448,318077267
317492132,1.166084,317492132
316878035,3.11848,316878035
317923001,2.796697,317923001
315609022,1.573556,315609022
317152757,0.317292,317152757
318077365,0.395013,318077365
317927726,0.871003,317927726
315611407,0.613463,315611407
314086529,1.931218,314086529
316880670,1.288513,316880670
318044867,0.152735,318044867
317494281,3.643384,317494281
317153461,-1.0,317153461
317500551,1.651567,317500551
318047066,0.722902,318047066
317940999,3.731127,317940999
314087588,1.295961,314087588
315613412,-1.0,315613412
316882978,2.335074,316882978
317154578,6.667364,317154578
318049476,0.584569,318049476
314088252,4.398026,314088252
318086173,0.399112,318086173
317941304,0.876905,317941304
317501034,4.979598,317501034
315614293,1.225413,315614293
318050926,5.489601,318050926
317154583,2.591879,317154583
317941764,3.926373,317941764
316820524,4.787896,316820524
314089235,1.899188,314089235
316884960,4.053499,316884960
315614337,0.377198,315614337
317167366,0.865625,317167366
316848486,3.573035,316848486
317948973,0.456698,317948973
318051102,5.531627,318051102
314092688,0.455462,314092688
318090566,3.515873,318090566
315615090,1.684206,315615090
314106424,0.725598,314106424
316850537,2.407944,316850537
317181574,1.893404,317181574
317951298,2.001094,317951298
318100625,2.115866,318100625
315615509,0.258778,315615509
316889165,2.478192,316889165
318055351,2.225749,318055351
317973973,3.030791,317973973
316855415,6.992397,316855415
314106699,0.645695,314106699
317182482,7.707412,317182482
315625466,3.902802,315625466
316890604,0.942406,316890604
318104381,0.934604,318104381
318058085,0.232186,318058085
316855744,0.801692,316855744
317977731,5.403047,317977731
317202451,5.643472,317202451
314106703,0.497058,314106703
316890609,0.942406,316890609
315628129,0.718401,315628129
318058089,0.475354,318058089
318106054,0.492052,318106054
316865102,0.484728,316865102
317208080,8.898533,317208080
317995575,1.673866,317995575
314106709,1.327007,314106709
316892391,0.551941,316892391
315632303,1.324027,315632303
318107126,1.259315,318107126
316866682,1.884903,316866682
317997869,9.23355,317997869
314111127,2.87323,314111127
318058159,5.372504,318058159
317209243,7.846342,317209243
316897217,-1.0,316897217
316866883,5.584627,316866883
317998945,1.591048,317998945
318107666,0.723422,318107666
315639457,0.962045,315639457
314114018,2.609496,314114018
318058187,1.285739,318058187
316897994,3.40718,316897994
317211118,2.471139,317211118
318000907,0.730534,318000907
316869651,0.806241,316869651
318108198,3.511103,318108198
314114600,0.567662,314114600
315640171,0.714935,315640171
316898237,5.694236,316898237
318059031,2.116617,318059031
318001218,3.329151,318001218
318110188,2.018618,318110188
317211120,1.049208,317211120
316871180,0.542438,316871180
314141807,1.922398,314141807
316900053,2.180016,316900053
318002874,0.314332,318002874
315640561,2.409361,315640561
318059035,1.706049,318059035
318111438,0.65809,318111438
316878831,0.232186,316878831
317211556,1.642314,317211556
318059044,3.950783,318059044
316906355,1.958424,316906355
318003480,5.145754,318003480
315646208,8.415026,315646208
316896793,1.35276,316896793
318111445,1.589156,318111445
316922761,3.501398,316922761
318003485,2.649656,318003485
317231269,4.154027,317231269
315654603,0.087191,315654603
316904914,2.825349,316904914
314169774,3.786395,314169774
316922798,2.080912,316922798
318114210,2.354599,318114210
318003488,5.740327,318003488
315654697,7.705787,315654697
317235481,1.234091,317235481
316919408,1.244335,316919408
314176003,5.312915,314176003
318116425,0.880698,318116425
316922802,7.379678,316922802
318003490,3.083874,318003490
318061428,5.438647,318061428
315659717,9.683803,315659717
317237847,2.237751,317237847
314195545,0.69854,314195545
318116456,1.184041,318116456
316922814,0.510309,316922814
318063622,1.384785,318063622
318003494,4.545942,318003494
316919717,1.354857,316919717
317239371,-1.0,317239371
317505250,0.313496,317505250
315662197,1.354691,315662197
314195750,0.29607,314195750
316919720,5.849787,316919720
318116460,4.695571,318116460
318003497,5.677204,318003497
318063864,3.883721,318063864
316922819,3.474522,316922819
315678656,2.567885,315678656
317507813,3.437833,317507813
317239634,-1.0,317239634
318005611,3.629044,318005611
314198155,1.842173,314198155
316923419,0.904652,316923419
317239654,4.138609,317239654
318116474,3.604577,318116474
316923879,0.645695,316923879
318063884,1.57122,318063884
317508362,0.679389,317508362
315683831,0.509651,315683831
316927005,0.403296,316927005
318005617,5.817902,318005617
317508371,0.45836,317508371
317239661,4.134846,317239661
318118859,5.705646,318118859
316929404,5.07493,316929404
318068538,0.422451,318068538
314207497,1.205886,314207497
315705979,-1.0,315705979
316929078,7.789142,316929078
318005620,5.817902,318005620
317242672,1.691014,317242672
317510191,2.327902,317510191
318069569,5.51634,318069569
316929610,1.186615,316929610
318122826,1.353048,318122826
316929917,0.669342,316929917
315707109,0.464982,315707109
314210118,0.759796,314210118
318005625,5.817902,318005625
317250004,0.974447,317250004
317512229,1.67613,317512229
318124204,3.214937,318124204
318069606,0.915571,318069606
314210462,0.838242,314210462
316933063,1.940162,316933063
315709251,1.384702,315709251
318006618,1.407424,318006618
316933002,2.153296,316933002
317250308,0.991435,317250308
318126885,7.123719,318126885
318070591,3.372379,318070591
316933070,2.537778,316933070
314210881,1.735589,314210881
315718367,3.109115,315718367
317513898,2.060627,317513898
316933012,1.378419,316933012
317250315,1.564974,317250315
318010597,2.345489,318010597
318127423,4.91761,318127423
314215912,8.279451,314215912
316935976,3.293041,316935976
316933446,1.771022,316933446
317516149,1.551854,317516149
318070594,2.078313,318070594
317250322,1.191064,317250322
318134290,3.732473,318134290
315725928,7.226056,315725928
316937020,0.424817,316937020
318070803,6.985934,318070803
317250415,-1.0,317250415
314218589,4.530831,314218589
317516311,0.653001,317516311
318011111,2.303609,318011111
316936447,4.12533,316936447
315731429,4.31732,315731429
318071178,2.274914,318071178
318143725,2.382913,318143725
316938195,1.108639,316938195
314224918,0.952783,314224918
316941442,1.124645,316941442
317250927,4.150786,317250927
318011119,0.355073,318011119
318073733,0.558714,318073733
318143728,5.694236,318143728
315731780,1.292892,315731780
316939522,4.142921,316939522
317251363,1.032421,317251363
317518386,3.890624,317518386
316942211,1.249953,316942211
318011125,2.688904,318011125
318152518,0.486959,318152518
315731892,2.190011,315731892
317252614,5.740327,317252614
318074836,6.833482,318074836
316942418,1.54372,316942418
317523667,2.412919,317523667
315749164,0.792488,315749164
318011136,3.465293,318011136
314244134,2.841617,314244134
318079942,2.900318,318079942
317255455,0.523984,317255455
317533447,3.891619,317533447
318156309,4.254651,318156309
316942838,5.780676,316942838
318084840,2.220196,318084840
317257061,1.983205,317257061
318012924,0.660434,318012924
315752165,1.733023,315752165
316972273,3.474522,316972273
318156311,-1.0,318156311
317547246,0.178892,317547246
316943055,0.06475,316943055
315755949,6.462102,315755949
316973846,-1.0,316973846
318017992,4.18729,318017992
314268444,2.139254,314268444
317259750,1.149188,317259750
318156993,3.284915,318156993
316945019,1.335438,316945019
317548392,-1.0,317548392
316973848,4.979598,316973848
318017995,0.261881,318017995
317288970,1.966176,317288970
318157024,2.433136,318157024
315762432,1.228927,315762432
314292301,0.312974,314292301
318019232,0.498229,318019232
316979521,1.588315,316979521
316946069,1.795164,316946069
317549518,2.184372,317549518
314297975,0.941112,314297975
318157337,2.637554,318157337
317289671,2.960199,317289671
315797728,0.456698,315797728
318020669,0.876905,318020669
316982922,1.358121,316982922
318161081,1.27425,318161081
316946491,5.206115,316946491
315804340,2.498802,315804340
314299694,2.020211,314299694
317554378,4.066557,317554378
317298841,3.573073,317298841
318021011,1.728923,318021011
314300095,6.369129,314300095
316947404,1.044357,316947404
317555411,0.967629,317555411
315804963,3.69805,315804963
317305434,0.570421,317305434
318021163,1.187808,318021163
314306599,2.841199,314306599
318161382,0.879167,318161382
316985529,-1.0,316985529
317333265,0.587039,317333265
315807646,-1.0,315807646
316950656,6.345994,316950656
318161452,8.92871,318161452
318022658,0.668842,318022658
314307166,2.950567,314307166
317334635,5.037222,317334635
317557055,1.107816,317557055
315812603,1.623976,315812603
316950658,4.823018,316950658
316985852,0.957024,316985852
318024818,2.0701,318024818
314307335,6.369129,314307335
317557267,2.891182,317557267
317334821,3.295026,317334821
316987036,2.965484,316987036
315848221,4.547131,315848221
318162713,1.27425,318162713
318027045,1.683198,318027045
317557273,0.581237,317557273
314317537,3.027463,314317537
316988496,3.500587,316988496
317335799,2.942037,317335799
316973199,1.556689,316973199
318029613,1.680268,318029613
315850460,3.989798,315850460
318163436,0.87981,318163436
317557658,3.838337,317557658
316989463,1.049586,316989463
314324417,3.773357,314324417
317336640,0.370714,317336640
316980378,8.025716,316980378
315853780,-1.0,315853780
318163479,2.777815,318163479
317559626,1.822171,317559626
318047363,0.681585,318047363
314325595,3.13914,314325595
315854119,5.09763,315854119
316985137,4.367784,316985137
318164729,0.823024,318164729
317341998,-1.0,317341998
318048826,1.018341,318048826
317561295,1.744908,317561295
315856706,4.472694,315856706
314328120,3.295637,314328120
316989471,4.303863,316989471
318164736,0.806418,318164736
317355468,9.76625,317355468
317561299,7.101977,317561299
318051825,0.683019,318051825
315859898,1.115495,315859898
314328276,2.253042,314328276
316994996,1.277306,316994996
318164854,1.461476,318164854
317564737,0.697324,317564737
315875715,0.341438,315875715
317359138,0.467547,317359138
318053686,1.325138,318053686
318164926,0.825683,318164926
314394612,0.565087,314394612
316995762,0.952783,316995762
317363978,3.275208,317363978
317566251,0.556146,317566251
315875718,1.188495,315875718
318055256,2.228195,318055256
318166136,0.725874,318166136
314398851,6.01073,314398851
317368090,4.040406,317368090
318056206,1.000802,318056206
315875848,-1.0,315875848
317567592,3.169633,317567592
316995763,8.221201,316995763
314431118,0.977476,314431118
318166483,3.318933,318166483
318057508,0.648893,318057508
318101478,1.231766,318101478
317381757,1.297678,317381757
317571064,1.330936,317571064
315876102,-1.0,315876102
314435547,3.845588,314435547
318060841,1.086518,318060841
316995830,8.701291,316995830
317384904,0.817282,317384904
318166488,3.318933,318166488
318102880,0.92615,318102880
317571070,1.262623,317571070
315876197,0.448605,315876197
317387080,-1.0,317387080
316999910,4.367784,316999910
314467267,1.072423,314467267
318061001,1.182847,318061001
318102893,3.801144,318102893
315938654,0.480143,315938654
317572668,0.934425,317572668
318168420,0.054108,318168420
318061009,3.547377,318061009
317387528,0.583001,317387528
314484990,7.07102,314484990
316999914,1.994237,316999914
318103669,0.789887,318103669
315950699,2.357943,315950699
318168423,5.469366,318168423
318061014,1.110049,318061014
317395791,1.120054,317395791
316999916,1.71488,316999916
314488063,1.817402,314488063
318106517,0.912452,318106517
318061016,4.252084,318061016
315957352,9.931934,315957352
318170286,7.052678,318170286
314491706,4.724915,314491706
317397940,0.518456,317397940
316999917,6.903828,316999917
318170671,3.654914,318170671
317401408,1.806995,317401408
315970335,1.032421,315970335
318061021,2.998658,318061021
318107492,5.274953,318107492
317578212,1.528857,317578212
318170675,0.502936,318170675
314493802,2.33891,314493802
317402168,-1.0,317402168
318061770,-1.0,318061770
317578871,1.085016,317578871
318107495,5.274953,318107495
315979164,1.987447,315979164
318064005,0.863829,318064005
318170702,2.81892,318170702
317403378,4.825736,317403378
314502277,1.916272,314502277
317020779,1.272873,317020779
318171663,0.761369,318171663
318111939,0.518696,318111939
317584542,2.492954,317584542
316998496,3.85236,316998496
318064871,2.199867,318064871
315979168,1.597576,315979168
314502773,4.721638,314502773
317403536,2.459193,317403536
317023897,9.454974,317023897
318115379,3.269564,318115379
318172562,0.575632,318172562
317403541,8.271314,317403541
318066652,1.78041,318066652
315987887,2.942037,315987887
318117417,0.186483,318117417
317037173,0.255437,317037173
318066660,-1.0,318066660
314554067,2.168579,314554067
317595682,0.74666,317595682
318172892,1.346726,318172892
316002536,0.457085,316002536
318118163,4.274498,318118163
318066671,3.359237,318066671
317002302,3.232875,317002302
317597181,7.18002,317597181
318119399,3.565495,318119399
317405122,0.914725,317405122
318173024,4.351043,318173024
318066675,0.542111,318066675
317047002,3.84102,317047002
314558712,5.953866,314558712
317599564,4.131801,317599564
318123509,0.424343,318123509
317405517,0.493428,317405517
316034064,1.032421,316034064
318067539,2.190011,318067539
318173176,0.907449,318173176
314564704,7.339635,314564704
317057644,4.047338,317057644
317407793,5.512999,317407793
318126814,3.11453,318126814
316051875,4.056671,316051875
317599802,3.267919,317599802
318073940,3.860526,318073940
318173815,3.181415,318173815
317410931,2.260398,317410931
314564738,1.762143,314564738
317066134,4.173602,317066134
318126815,1.048456,318126815
317599855,4.537789,317599855
318174794,1.091526,318174794
318074723,8.49844,318074723
316054724,-1.0,316054724
317438864,0.497878,317438864
318132185,1.153768,318132185
317013679,1.147329,317013679
317079498,1.490963,317079498
314578351,5.471123,314578351
317607838,0.791555,317607838
318174799,1.353394,318174799
316056687,0.341182,316056687
317013705,8.105823,317013705
314578352,2.311266,314578352
318157030,0.24683,318157030
317079586,1.681049,317079586
317439915,7.151511,317439915
318076904,1.579085,318076904
317609351,3.604577,317609351
317013712,3.823404,317013712
316065442,9.368934,316065442
318157033,0.795988,318157033
317442900,1.525086,317442900
317091047,8.306147,317091047
314587870,1.094371,314587870
317610065,3.24814,317610065
317013745,1.681616,317013745
317443421,0.870258,317443421
314589956,5.532964,314589956
318157040,3.027979,318157040
317013778,1.369933,317013778
316073491,-1.0,316073491
317092746,7.945026,317092746
317610066,0.102185,317610066
317445001,2.942037,317445001
318158442,1.921142,318158442
314597528,4.475772,314597528
316077831,7.145473,316077831
317013810,0.777412,317013810
317610184,4.973906,317610184
317449608,2.338677,317449608
318160052,0.334331,318160052
317105252,3.396533,317105252
317013840,2.637554,317013840
314619295,1.594733,314619295
316083678,4.033458,316083678
317106161,4.19516,317106161
318160868,6.833482,318160868
317610912,3.511103,317610912
317013844,4.879511,317013844
318081609,0.683019,318081609
314626136,2.409106,314626136
317113375,3.801144,317113375
316101576,1.079527,316101576
317611227,0.907052,317611227
318161815,5.879221,318161815
318082727,2.132039,318082727
317013850,3.855257,317013850
317115636,0.832391,317115636
314640442,1.686099,314640442
318161817,1.961228,318161817
318175378,1.085027,318175378
316108124,1.602303,316108124
317614521,2.257233,317614521
317128816,2.467675,317128816
318085091,2.447725,318085091
314672918,3.901233,314672918
318162275,1.898771,318162275
317013872,0.670511,317013872
317616388,2.968964,317616388
318175380,0.732703,318175380
316115607,-1.0,316115607
318162276,0.117482,318162276
317013874,2.810015,317013874
317129327,4.795824,317129327
318085092,0.790915,318085092
314717634,4.645023,314717634
318175385,0.732703,318175385
316123861,-1.0,316123861
317617571,2.241325,317617571
318164716,5.669916,318164716
317017962,2.559571,317017962
314723299,1.344295,314723299
317129586,3.256617,317129586
318099931,2.334709,318099931
318164721,4.476245,318164721
316128644,0.746191,316128644
318178033,2.564688,318178033
317618195,1.002904,317618195
317026466,0.501598,317026466
317132582,4.52153,317132582
314724498,1.616613,314724498
318100615,1.554243,318100615
316130053,3.247121,316130053
318164731,4.629994,318164731
317619569,2.165254,317619569
318178043,3.439946,318178043
318107672,1.200059,318107672
314724542,1.360423,314724542
316135432,3.94012,316135432
317132583,6.202739,317132583
318165040,1.495632,318165040
317619803,0.298434,317619803
318178055,5.470759,318178055
317031652,1.410039,317031652
314724789,4.27678,314724789
318108726,-1.0,318108726
318167389,4.393708,318167389
317136755,0.651651,317136755
316139187,3.626555,316139187
318178325,0.405481,318178325
317620727,1.233693,317620727
318111677,2.6641,318111677
314724793,4.576769,314724793
317137590,6.046645,317137590
318167393,0.117482,318167393
318179864,1.31754,318179864
318115933,2.395831,318115933
316139737,3.483954,316139737
317621678,0.74666,317621678
314727961,1.124485,314727961
317137756,5.974788,317137756
318167395,6.113381,318167395
316139879,2.409361,316139879
317625905,0.858341,317625905
318179868,1.14788,318179868
318116199,1.945404,318116199
314727962,6.650098,314727962
316156617,2.916099,316156617
317640514,2.061395,317640514
317140119,3.525705,317140119
318167521,2.909753,318167521
318181119,1.688062,318181119
318116844,4.80692,318116844
317641251,8.573633,317641251
314730151,4.344934,314730151
317033603,0.290541,317033603
317140120,3.525705,317140120
318168403,1.77167,318168403
316158089,1.251262,316158089
318118219,1.94484,318118219
318181122,1.070272,318181122
317036062,0.469745,317036062
317641753,-1.0,317641753
314733723,1.513806,314733723
316162570,1.85586,316162570
318118771,7.787964,318118771
317140123,3.525705,317140123
318181815,1.127064,318181815
317036770,0.293912,317036770
314733731,1.094371,314733731
317642801,2.305164,317642801
317036777,1.916466,317036777
318118775,1.527885,318118775
317140129,3.525705,317140129
318182883,1.286996,318182883
316162574,4.466573,316162574
314739397,0.655628,314739397
318119911,1.192747,318119911
317143739,1.788233,317143739
314742099,1.60682,314742099
317036785,0.755102,317036785
317653768,1.214572,317653768
318184617,1.694339,318184617
316173923,-1.0,316173923
318125488,5.104794,318125488
318170736,0.464584,318170736
314743010,0.759796,314743010
317146033,1.560914,317146033
317053734,-1.0,317053734
317661748,2.310556,317661748
316211998,7.393073,316211998
318128273,9.555016,318128273
318186224,1.088875,318186224
318170812,1.188471,318170812
317056205,0.517316,317056205
317662117,5.269454,317662117
318129209,0.980808,318129209
318171905,2.294296,318171905
316212171,0.691273,316212171
318192455,3.110187,318192455
317058937,0.738477,317058937
314761552,1.240624,314761552
318131161,1.591048,318131161
318171909,8.025716,318171909
317662119,1.122633,317662119
316225382,1.286643,316225382
314769147,6.968291,314769147
317059543,1.102816,317059543
318196654,1.212738,318196654
317146586,3.924877,317146586
318132275,0.730996,318132275
318171913,2.533897,318171913
316234598,6.017312,316234598
317669826,2.85383,317669826
314788220,4.906206,314788220
318200395,3.523874,318200395
317059544,7.591233,317059544
318134211,3.79865,318134211
318173057,8.856362,318173057
317147306,5.973539,317147306
316249448,0.949357,316249448
314789339,1.292913,314789339
317669833,2.85383,317669833
318202526,1.815192,318202526
317060090,0.81566,317060090
317147948,1.160283,317147948
314789794,3.295637,314789794
317453226,4.071735,317453226
316251585,1.071265,316251585
318173247,7.742693,318173247
317672619,2.881847,317672619
318157083,8.318716,318157083
318203662,0.688657,318203662
317060680,2.783368,317060680
316257761,-1.0,316257761
318173980,3.953929,318173980
317148970,3.401636,317148970
314801145,2.202099,314801145
317672620,0.889336,317672620
318157084,3.885966,318157084
317453234,0.832453,317453234
314823004,3.921614,314823004
317151311,3.777812,317151311
317672622,1.304959,317672622
317061359,1.32289,317061359
317455697,4.163412,317455697
318157085,4.737835,318157085
318175154,1.76658,318175154
314823658,6.012386,314823658
317063207,1.00094,317063207
317455701,1.164092,317455701
317151315,0.710614,317151315
317672623,2.272309,317672623
318157086,0.167956,318157086
318176565,1.292913,318176565
317151318,3.757967,317151318
317460246,0.467547,317460246
314825535,5.336918,314825535
317063214,1.091526,317063214
318158455,-1.0,318158455
318176570,1.682006,318176570
317672625,0.345142,317672625
317151320,2.030785,317151320
318212731,0.451141,318212731
314830791,2.057741,314830791
318160064,3.292754,318160064
317460252,5.304687,317460252
316263561,6.869561,316263561
317064324,2.03191,317064324
317675727,0.532457,317675727
318176572,4.391717,318176572
318215417,0.686432,318215417
317460261,1.87099,317460261
314837037,1.623785,314837037
318161339,5.633364,318161339
316267560,1.007931,316267560
317675840,3.035114,317675840
317065895,0.575632,317065895
318178134,4.34388,318178134
314838992,1.544109,314838992
318161345,0.632068,318161345
316268118,5.93967,316268118
317691325,0.940354,317691325
318218015,0.427755,318218015
317158113,0.94427,317158113
317069197,0.794009,317069197
314847197,2.049349,314847197
317460263,3.547377,317460263
318178748,2.427753,318178748
318218077,3.238105,318218077
318164611,0.454503,318164611
316268123,0.449809,316268123
317693763,5.489917,317693763
317166101,1.895582,317166101
314870692,7.196175,314870692
317078787,0.395013,317078787
317460264,2.184479,317460264
317697907,0.907449,317697907
318165100,3.547377,318165100
318178751,1.908937,318178751
318218692,1.510696,318218692
317166579,4.155319,317166579
314878988,5.054169,314878988
317460535,0.863829,317460535
317698541,0.480634,317698541
317079985,0.473798,317079985
316272120,0.928714,316272120
318166196,2.881055,318166196
318178934,1.61499,318178934
317193258,4.189756,317193258
317462392,0.758607,317462392
317701936,5.054125,317701936
314884656,1.115044,314884656
318167712,-1.0,318167712
316272409,3.601526,316272409
318218939,4.953355,318218939
318178970,5.467699,318178970
317079987,1.226216,317079987
317196146,4.231741,317196146
314886179,0.66387,314886179
317702027,1.135433,317702027
318168787,0.521683,318168787
317464422,1.643523,317464422
318178973,0.453903,318178973
317081621,1.132273,317081621
317703097,1.259315,317703097
314890249,0.620642,314890249
317204655,1.776066,317204655
316272442,4.438223,316272442
318168790,0.482635,318168790
317468727,9.294907,317468727
318183328,4.54458,318183328
314897369,1.471877,314897369
317706619,2.184372,317706619
317208297,4.12049,317208297
317082075,4.598619,317082075
316273123,2.942311,316273123
318171581,-1.0,318171581
318183332,0.585368,318183332
317707290,0.32278,317707290
314900543,0.767409,314900543
317082690,0.461748,317082690
316273613,8.415026,316273613
318171584,2.990114,318171584
318183333,1.351241,318183333
317211446,5.926431,317211446
317709754,3.023891,317709754
317472322,0.443233,317472322
317085266,1.18631,317085266
314902983,4.118796,314902983
318231521,3.027218,318231521
316275648,5.823451,316275648
318184805,6.964375,318184805
317085739,1.211555,317085739
317709985,3.07108,317709985
317214945,2.545502,317214945
317476810,3.963338,317476810
318172321,2.922113,318172321
314914756,0.357964,314914756
316278772,-1.0,316278772
317710039,0.696903,317710039
318202021,0.357939,318202021
318231681,4.598619,318231681
317088502,2.81892,317088502
317486450,4.495438,317486450
317217527,0.059144,317217527
314929448,1.422516,314929448
318174422,2.950554,318174422
317711380,3.074821,317711380
316281208,2.242868,316281208
318202550,3.165006,318202550
317235161,0.942691,317235161
317491864,4.260232,317491864
317088670,3.219889,317088670
318231683,3.044124,318231683
314932015,1.610869,314932015
317712089,0.354598,317712089
318174564,1.487073,318174564
317242161,5.837615,317242161
317104445,0.981958,317104445
316285348,2.89768,316285348
318232914,5.836473,318232914
317494287,2.303609,317494287
314936370,0.475354,314936370
318178247,1.213207,318178247
317712090,2.293282,317712090
317242725,1.752545,317242725
317108774,1.864999,317108774
316306860,1.079527,316306860
318233071,3.858261,318233071
318209000,4.32907,318209000
317494323,1.600746,317494323
318182301,0.588438,318182301
314944732,1.899188,314944732
317242731,6.486144,317242731
317713112,0.435402,317713112
318233853,5.041865,318233853
317496567,0.394757,317496567
317116121,3.023891,317116121
316318541,0.718401,316318541
318182366,0.914725,318182366
318209001,0.842525,318209001
314946196,1.057832,314946196
317713115,3.691596,317713115
318190180,5.041134,318190180
317120003,2.765075,317120003
318235192,5.470759,318235192
318209012,5.537117,318209012
316327497,8.207244,316327497
317496923,1.999148,317496923
317714762,2.483507,317714762
318209021,5.994628,318209021
318196321,1.0855,318196321
317716301,2.090925,317716301
317497602,2.459193,317497602
316332572,2.409361,316332572
318235855,5.470759,318235855
317243457,6.992397,317243457
318196965,-1.0,318196965
318209875,3.359023,318209875
317123503,2.435009,317123503
317499266,0.456698,317499266
317716461,1.650657,317716461
316344725,1.917917,316344725
314946204,6.901459,314946204
317245386,1.360662,317245386
317127616,3.988797,317127616
317500826,0.758043,317500826
318237076,1.475536,318237076
318200398,6.95691,318200398
318209876,1.699118,318209876
317716502,1.534358,317716502
317248785,2.203405,317248785
314946208,7.092208,314946208
316360385,2.580579,316360385
318202905,2.651564,318202905
318209884,3.073409,318209884
317131413,5.140329,317131413
317506483,2.982629,317506483
317249881,1.932255,317249881
317716509,1.351635,317716509
314972864,1.147129,314972864
316364340,5.963353,316364340
318212895,2.340252,318212895
318211458,5.396682,318211458
318239003,5.092391,318239003
317131421,3.146757,317131421
317506876,0.859262,317506876
317250090,0.392432,317250090
317721378,1.476962,317721378
314975834,2.12707,314975834
316366397,-1.0,316366397
318213759,1.59067,318213759
318240102,3.342267,318240102
317133125,2.982908,317133125
317250096,8.235442,317250096
317513373,-1.0,317513373
317723542,-1.0,317723542
316368559,0.637635,316368559
314992555,2.325751,314992555
317138174,1.088197,317138174
318216646,2.334709,318216646
318242011,7.879196,318242011
317726348,1.819922,317726348
317523483,0.570421,317523483
317250100,1.308914,317250100
314995483,1.154401,314995483
318248703,4.144913,318248703
316375313,4.224184,316375313
317138188,5.269454,317138188
318217098,0.524303,318217098
317250551,1.721865,317250551
317543854,4.228196,317543854
315019895,3.924877,315019895
317140128,2.954682,317140128
316382366,3.380854,316382366
318250250,-1.0,318250250
317252298,0.732114,317252298
318218912,1.548347,318218912
316386942,2.281115,316386942
315022710,1.011876,315022710
317141264,-1.0,317141264
317544571,2.913861,317544571
318251453,0.615585,318251453
318232282,-1.0,318232282
317260224,4.60338,317260224
315030747,0.542567,315030747
318252459,0.603327,318252459
317141626,1.248849,317141626
317544577,0.594519,317544577
316391791,0.942389,316391791
317261399,1.582073,317261399
317743992,3.497513,317743992
318232284,-1.0,318232284
318218435,3.197007,318218435
315041981,1.572849,315041981
317546952,-1.0,317546952
317141784,1.290361,317141784
316404488,0.664505,316404488
318230435,0.317582,318230435
318232935,4.103441,318232935
317745915,0.763619,317745915
317261401,5.82209,317261401
318261149,0.275908,318261149
315051536,4.313718,315051536
316407520,3.301341,316407520
317146217,1.916466,317146217
317547262,1.452818,317547262
317751323,0.87927,317751323
318235684,1.601181,318235684
317270055,7.828815,317270055
318234288,5.869831,318234288
318266674,1.724028,318266674
316420432,2.164633,316420432
317549749,4.058365,317549749
315053243,1.809968,315053243
317146895,1.890522,317146895
318234980,1.55277,318234980
317752583,0.721988,317752583
317282478,0.521159,317282478
318268136,3.52881,318268136
316420650,1.228804,316420650
317147462,3.547062,317147462
315056521,5.386544,315056521
316425167,4.46274,316425167
317752589,5.377697,317752589
318235520,1.586817,318235520
318240654,8.221201,318240654
317549821,0.681585,317549821
318269475,0.688657,318269475
317288384,6.376577,317288384
317552861,1.164092,317552861
318237438,1.164092,318237438
317752623,0.275908,317752623
316426969,1.417286,316426969
317148078,1.358121,317148078
318270123,2.545188,318270123
318255934,1.640056,318255934
317306209,1.124896,317306209
315056691,4.578943,315056691
318269053,-1.0,318269053
317148086,4.520247,317148086
317554040,0.51589,317554040
318264190,4.20228,318264190
316439967,3.750736,316439967
317754557,1.438328,317754557
318272242,1.935452,318272242
317325978,1.263782,317325978
315056697,0.793809,315056697
317554669,1.427312,317554669
316449452,1.227311,316449452
317148954,4.741418,317148954
317755377,1.688062,317755377
318269836,3.230494,318269836
317332416,0.425112,317332416
318276337,4.34388,318276337
315079140,1.24555,315079140
317149228,3.732473,317149228
318270286,4.98293,318270286
317558218,-1.0,317558218
317759860,3.458389,317759860
318279462,0.174256,318279462
316462788,2.10954,316462788
317332780,0.710614,317332780
315079141,0.820184,315079141
318279134,2.064886,318279134
317561585,4.178049,317561585
317761893,1.236332,317761893
318270382,2.379786,318270382
315080435,1.932255,315080435
316462794,3.295026,316462794
317335996,0.734613,317335996
317151685,4.227084,317151685
318279895,0.477693,318279895
316462968,0.584232,316462968
318280236,3.032327,318280236
315088646,2.120489,315088646
317764914,3.000978,317764914
318273111,-1.0,318273111
317154745,1.929875,317154745
318279364,6.952513,318279364
317339748,2.220196,317339748
316471699,2.001317,316471699
317766179,1.645899,317766179
315088721,1.492857,315088721
318280396,4.598619,318280396
317566403,4.123065,317566403
318275795,0.552886,318275795
317154751,0.451141,317154751
317365194,0.779856,317365194
317766213,0.191851,317766213
315088953,1.722879,315088953
316477403,2.474144,316477403
318282188,0.332468,318282188
317567273,3.5127,317567273
318276099,-1.0,318276099
317155154,0.764941,317155154
317380531,1.113278,317380531
317768176,3.109313,317768176
315089241,0.845096,315089241
316532567,1.585229,316532567
318282315,-1.0,318282315
317570760,0.734381,317570760
317768218,0.919949,317768218
317156117,0.433249,317156117
318276958,8.978422,318276958
317384521,8.480021,317384521
315098041,1.883628,315098041
318282472,4.549382,318282472
316545290,1.514834,316545290
318277807,0.486445,318277807
317593372,3.563901,317593372
317768242,2.597832,317768242
317159618,3.307575,317159618
317386810,0.903232,317386810
315101454,5.203117,315101454
316558863,3.514644,316558863
318282474,-1.0,318282474
318277809,1.22255,318277809
315101462,1.513462,315101462
317768291,2.871717,317768291
316561764,0.498315,316561764
317386920,1.79575,317386920
317159621,3.148266,317159621
318277811,1.359757,318277811
318282475,1.915381,318282475
317598349,-1.0,317598349
315102673,3.225005,315102673
317771232,0.301858,317771232
317160380,1.056088,317160380
317387397,4.513706,317387397
316562131,2.01661,316562131
318282953,1.415075,318282953
318279365,2.90419,318279365
317599941,6.933515,317599941
318282956,8.597634,318282956
315102782,0.984653,315102782
317387401,1.361341,317387401
317160397,0.755102,317160397
317772320,8.668625,317772320
316570136,3.849328,316570136
317601263,5.964699,317601263
318283125,2.272309,318283125
318283318,2.212331,318283318
318279653,1.371514,318279653
317163645,0.803779,317163645
317389736,1.079474,317389736
316570616,-1.0,316570616
315117645,1.276717,315117645
317605389,-1.0,317605389
317772411,3.458389,317772411
318283133,0.744333,318283133
318283620,2.08933,318283620
318279668,1.804878,318279668
317774384,1.422829,317774384
317391267,4.54642,317391267
317607790,1.164092,317607790
316571060,1.0855,316571060
318285062,0.327107,318285062
318281242,0.202002,318281242
317779786,2.149955,317779786
317608112,-1.0,317608112
315141192,1.12569,315141192
317167043,3.173345,317167043
317392981,5.885973,317392981
318285350,4.632321,318285350
316573940,0.28055,316573940
318281466,1.868532,318281466
315142622,3.564634,315142622
317610835,2.402637,317610835
317168352,3.070119,317168352
318281735,0.646842,318281735
316576167,0.74242,316576167
317800496,3.439946,317800496
318285757,0.32734,318285757
315142624,0.832708,315142624
317610850,6.033474,317610850
318281738,2.346782,318281738
316582617,1.116534,316582617
318286132,4.270036,318286132
317179365,0.776229,317179365
317802387,0.807494,317802387
315146194,2.104761,315146194
318281739,2.117496,318281739
318287301,3.183067,318287301
316586221,3.279112,316586221
317611443,3.335425,317611443
317185837,0.889257,317185837
315157637,4.37209,315157637
318282043,0.472565,318282043
317612365,-1.0,317612365
316594439,7.151511,316594439
318287480,3.11453,318287480
317185841,1.410039,317185841
316597349,3.562837,316597349
315157839,6.577985,315157839
317612370,0.693404,317612370
318282813,5.829068,318282813
316599788,1.0316,316599788
317612371,0.786808,317612371
318287690,0.861528,318287690
318284143,-1.0,318284143
317187747,2.559571,317187747
315168623,2.540377,315168623
316615376,2.409234,316615376
317614233,3.497251,317614233
318284513,3.65637,318284513
318283681,2.257233,318283681
318288925,1.799695,318288925
317187751,2.435009,317187751
316619826,1.191064,316619826
318284516,3.759751,318284516
317614509,0.407988,317614509
315168967,1.090905,315168967
317394853,2.212331,317394853
318289824,2.716698,318289824
317805039,3.678225,317805039
317191775,0.692117,317191775
316621997,2.340252,316621997
318283682,1.096517,318283682
315185089,1.588904,315185089
318289848,3.857278,318289848
317615625,0.249072,317615625
317808734,-1.0,317808734
318284713,0.900856,318284713
317191824,5.283507,317191824
318283692,3.858261,318283692
316624204,1.589226,316624204
315188828,7.828815,315188828
318289887,0.559452,318289887
317809842,3.148266,317809842
318285080,0.623602,318285080
317399697,4.264337,317399697
317192364,2.998469,317192364
318290894,0.31124,318290894
316624208,0.755547,316624208
317400958,1.777651,317400958
318285273,0.160456,318285273
317809849,1.898826,317809849
315191428,1.687485,315191428
317193773,0.959584,317193773
318286028,5.694236,318286028
317401580,6.168711,317401580
318291615,5.890259,318291615
317615627,4.523524,317615627
316625457,2.925723,316625457
317194039,2.580659,317194039
315191481,2.473851,315191481
317810122,7.101612,317810122
318285480,0.67007,318285480
318291622,2.593465,318291622
318286383,1.588149,318286383
317402882,4.325556,317402882
317615630,1.24306,317615630
318286251,-1.0,318286251
317194041,-1.0,317194041
316630457,1.955383,316630457
318291628,4.480986,318291628
315194834,1.471726,315194834
317811674,0.999449,317811674
318286548,1.047519,318286548
317406652,4.975555,317406652
318286404,0.461862,318286404
317616474,3.133619,317616474
316633811,4.574912,316633811
317194905,0.491033,317194905
315196957,0.947704,315196957
317811961,1.180604,317811961
318286552,2.6601,318286552
318286408,0.493828,318286408
317619245,1.3181,317619245
317406669,4.975555,317406669
315202239,0.745594,315202239
317814960,2.10929,317814960
318291638,1.447023,318291638
317195671,0.290541,317195671
318286558,1.253839,318286558
318286412,0.94554,318286412
317406665,4.975555,317406665
316640864,7.393073,316640864
317632862,-1.0,317632862
318291643,0.74718,318291643
315202392,0.914138,315202392
317815178,0.575632,317815178
317196132,1.410039,317196132
318287296,1.205324,318287296
317406683,4.975555,317406683
316643538,3.116883,316643538
317633406,-1.0,317633406
315203111,0.66387,315203111
318286427,1.114788,318286427
317815206,1.318046,317815206
318291649,8.306147,318291649
316658475,3.323976,316658475
315207154,1.165355,315207154
317635105,8.356584,317635105
317815212,3.861507,317815212
318286885,3.417477,318286885
317203098,7.101977,317203098
318294035,1.429466,318294035
317406689,4.975555,317406689
318288383,2.536622,318288383
316673902,-1.0,316673902
315209003,2.329747,315209003
318286911,2.299478,318286911
317635106,2.200974,317635106
317816423,3.882507,317816423
317203104,3.036808,317203104
316674738,3.152221,316674738
317406697,9.530856,317406697
315209679,0.38157,315209679
318294039,1.39659,318294039
318287327,0.863211,318287327
317816987,2.542297,317816987
317636607,2.490358,317636607
317204263,3.311497,317204263
318294264,0.446128,318294264
317406705,9.530856,317406705
316676685,-1.0,316676685
315217021,1.653569,315217021
317820373,3.128841,317820373
317637238,1.00699,317637238
318287804,4.551989,318287804
317406735,0.61102,317406735
316679641,-1.0,316679641
318287815,7.156271,318287815
317639195,0.852317,317639195
318294497,3.667829,318294497
317204279,2.194783,317204279
317820528,0.655984,317820528
315244133,1.384302,315244133
317406742,1.094371,317406742
318289050,0.321777,318289050
316679659,-1.0,316679659
317639197,0.355158,317639197
318294500,0.357583,318294500
315246598,2.12707,315246598
317207189,1.879311,317207189
317820532,0.596836,317820532
316686771,0.612795,316686771
317406768,4.975555,317406768
318295274,0.570833,318295274
318289461,1.529899,318289461
317640573,0.521683,317640573
317208307,4.066256,317208307
317821875,2.85383,317821875
316691278,0.282667,316691278
318289681,2.918106,318289681
315246758,2.178003,315246758
318295287,0.239018,318295287
317642718,-1.0,317642718
317211016,0.997686,317211016
316691567,0.913782,316691567
317821877,1.157694,317821877
317406781,2.609305,317406781
315247701,5.851074,315247701
318289886,5.140329,318289886
318295290,7.828815,318295290
317651784,0.960486,317651784
317821879,4.469097,317821879
317406774,4.975555,317406774
317211225,3.737825,317211225
318288808,1.145593,318288808
318289949,2.48618,318289949
318295871,1.492857,318295871
318289105,8.356584,318289105
317821880,7.153678,317821880
317651785,2.66185,317651785
317211383,2.613545,317211383
317409428,0.316269,317409428
315255710,5.136444,315255710
316702976,-1.0,316702976
318295899,3.273454,318295899
318290893,2.69457,318290893
317651787,9.304378,317651787
315258520,1.392545,315258520
318289416,2.912475,318289416
317409774,2.900318,317409774
317825116,5.188979,317825116
316705048,3.044434,316705048
318297885,9.471953,318297885
315262049,2.254545,315262049
318290274,0.89328,318290274
318290968,0.492052,318290968
317215773,1.436005,317215773
317651830,4.179787,317651830
317409777,1.738102,317409777
317825623,4.638531,317825623
318298458,5.73212,318298458
316705055,2.684214,316705055
317217152,1.062233,317217152
315284887,0.896933,315284887
318290776,1.953357,318290776
317409789,2.137003,317409789
318291160,4.469097,318291160
317841082,2.533302,317841082
318298646,2.722872,318298646
317651919,6.041542,317651919
316708931,2.856124,316708931
317217275,4.06104,317217275
315301267,6.609024,315301267
318291693,8.446293,318291693
317413480,2.148927,317413480
318292472,5.49132,318292472
316708940,3.951057,316708940
318298650,3.298988,318298650
317219454,1.214572,317219454
318291698,0.275347,318291698
315314997,0.521159,315314997
318293270,0.732703,318293270
317664243,4.173777,317664243
317413486,0.239018,317413486
316712047,0.444454,316712047
318298651,0.641914,318298651
318291784,0.687207,318291784
317850547,2.035799,317850547
315332163,4.027883,315332163
318293272,1.744908,318293272
317672216,-1.0,317672216
316716866,3.547377,316716866
317417861,0.477659,317417861
317232133,1.747113,317232133
317853938,0.560543,317853938
318292372,4.242928,318292372
316719184,7.263135,316719184
317419020,1.889167,317419020
315332920,0.92615,315332920
318293281,2.370806,318293281
317674995,2.975488,317674995
317233812,7.590523,317233812
317854398,3.969102,317854398
316731853,-1.0,316731853
318294472,0.473798,318294472
318292729,0.508274,318292729
317420167,3.20275,317420167
315332978,5.849787,315332978
317688777,9.34281,317688777
318298662,1.854188,318298662
316737751,3.319556,316737751
317854494,4.884538,317854494
317234314,1.410039,317234314
318294498,3.961753,318294498
318293029,2.644022,318293029
317420362,9.733917,317420362
317688780,-1.0,317688780
315336010,1.772453,315336010
318298668,4.607495,318298668
317854511,2.035799,317854511
317237646,2.658178,317237646
316737768,2.423253,316737768
318293033,0.420781,318293033
317688782,1.591048,317688782
317854794,1.21563,317854794
317425588,1.035671,317425588
315336014,1.788314,315336014
318295384,1.353394,318295384
318298672,1.7863,318298672
317237648,7.251734,317237648
316737772,2.190011,316737772
317436795,0.786402,317436795
318293035,0.465073,318293035
317688786,7.123895,317688786
318295436,0.472041,318295436
318298673,4.037616,318298673
315336015,1.772453,315336015
317238170,2.477578,317238170
316751468,0.542314,316751468
318294585,1.147475,318294585
318295850,0.94676,318295850
317440120,4.109116,317440120
318298852,5.718213,318298852
315336037,1.799695,315336037
316752680,0.271049,316752680
317238229,1.477468,317238229
317688788,0.601323,317688788
318294594,2.228195,318294594
318295853,2.272309,318295853
318299637,1.049269,318299637
317446205,5.532964,317446205
316761823,-1.0,316761823
315336038,5.343493,315336038
317691221,0.525871,317691221
317242388,3.578901,317242388
318296026,1.191702,318296026
318294611,-1.0,318294611
317446746,0.954373,317446746
318300708,2.020149,318300708
317694211,7.852481,317694211
317245196,1.096638,317245196
315340106,1.286027,315340106
318296432,1.854739,318296432
318295084,-1.0,318295084
317694215,1.768829,317694215
317446751,0.954373,317446751
316764988,2.130206,316764988
318301301,1.157646,318301301
315340769,3.64134,315340769
318297580,0.732703,318297580
318295129,4.3043,318295129
317694221,2.075004,317694221
315341878,1.38071,315341878
316774284,-1.0,316774284
317446876,3.066672,317446876
318301333,3.027463,318301333
317857494,1.612006,317857494
318295883,0.559022,318295883
317247247,0.552546,317247247
318298654,2.259416,318298654
315342604,1.52243,315342604
316776313,0.430687,316776313
317860740,0.889336,317860740
317694227,1.079527,317694227
317448081,5.118701,317448081
318301645,1.601181,318301645
317247536,2.715362,317247536
318298716,0.290681,318298716
318295972,4.243523,318295972
317860748,1.30461,317860748
317694232,1.971484,317694232
316777792,0.729403,316777792
315342662,5.295545,315342662
317250707,1.235229,317250707
318302107,0.623985,318302107
317448450,8.61133,317448450
318298820,0.887815,318298820
318297029,5.482293,318297029
317862017,1.360162,317862017
315342736,1.519106,315342736
317698678,9.595624,317698678
318302108,4.595295,318302108
317251007,-1.0,317251007
316790597,3.25576,316790597
318298876,-1.0,318298876
318297032,2.756305,318297032
317868259,0.424887,317868259
315347967,3.241883,315347967
317698680,3.546438,317698680
317251454,1.186333,317251454
316795366,-1.0,316795366
318302110,3.030261,318302110
318297035,5.166778,318297035
318298894,1.436005,318298894
315348484,2.274866,315348484
317868265,1.436005,317868265
318297045,2.580579,318297045
317700732,3.547377,317700732
317252096,0.861575,317252096
316801244,1.755451,316801244
318299347,1.595599,318299347
318302166,6.063312,318302166
317868896,1.951487,317868896
315350154,1.854882,315350154
318297301,1.347126,318297301
316801527,1.487073,316801527
317703017,4.479047,317703017
317252097,0.940354,317252097
318300094,1.115911,318300094
318303177,1.249953,318303177
317869517,8.294123,317869517
315350486,2.038369,315350486
318297304,6.225625,318297304
317253058,3.549046,317253058
317703904,0.683019,317703904
318300248,1.385148,318300248
317869557,1.212738,317869557
315350490,3.249998,315350490
318304175,1.907403,318304175
317254840,-1.0,317254840
318298727,1.675831,318298727
318300311,2.575192,318300311
317707304,0.417022,317707304
318305179,1.02631,318305179
315350653,5.429959,315350653
317254842,0.201777,317254842
317871323,1.615035,317871323
316815158,3.429508,316815158
315354343,1.605852,315354343
318298854,0.933126,318298854
317710160,8.772736,317710160
318305335,1.807152,318305335
318300474,0.939915,318300474
317871436,0.712228,317871436
317254845,9.193338,317254845
317710162,5.061174,317710162
318305384,0.526163,318305384
318300599,1.815192,318300599
318299210,0.570421,318299210
317255468,1.500343,317255468
317874959,-1.0,317874959
317710165,5.605309,317710165
318306042,1.263434,318306042
318301200,3.214937,318301200
318299503,4.704562,318299503
315354348,0.707735,315354348
317255733,1.725036,317255733
317710307,7.291236,317710307
318299558,2.032647,318299558
318302061,3.189585,318302061
318306055,1.70623,318306055
318299726,-1.0,318299726
317710394,7.728772,317710394
318302610,1.34313,318302610
318306586,2.028433,318306586
315354359,1.566495,315354359
318301691,2.338677,318301691
315354362,4.662406,315354362
318306589,1.692868,318306589
317710474,7.156271,317710474
318303384,4.379947,318303384
318301838,-1.0,318301838
318306592,2.190182,318306592
315360216,4.429547,315360216
317710481,0.147812,317710481
318301919,0.454621,318301919
318304277,1.21481,318304277
315361698,1.785073,315361698
318306595,0.334331,318306595
317710489,1.487073,317710489
318302743,1.069872,318302743
318304456,0.514674,318304456
318308983,3.352077,318308983
315361704,6.73254,315361704
317710494,-1.0,317710494
318303551,0.695539,318303551
318305815,-1.0,318305815
318303653,5.182974,318303653
317710512,-1.0,317710512
318305976,1.11819,318305976
318303670,1.384702,318303670
317710519,-1.0,317710519
318306348,3.774159,318306348
315363261,5.569532,315363261
318304292,2.367128,318304292
317710527,3.711885,317710527
315364557,3.564634,315364557
318307530,6.940364,318307530
317710531,1.680739,317710531
318305231,5.817902,318305231
317710538,-1.0,317710538
